date,open,high,low,close,volume
2025-06-30 04:00:00+00:00,201.21,206.57,198.47,204.36,91912816
2025-07-01 04:00:00+00:00,205.85,209.36,205.33,207.0,78788867
2025-07-02 04:00:00+00:00,208.08,212.5,207.32,211.6,67941811
2025-07-03 04:00:00+00:00,211.31,213.8,210.97,212.71,34955836
2025-07-07 04:00:00+00:00,211.84,215.38,207.97,209.12,50228984
2025-07-08 04:00:00+00:00,209.27,210.59,207.63,209.18,42848928
2025-07-09 04:00:00+00:00,208.7,210.49,206.4,210.31,48749367
2025-07-10 04:00:00+00:00,209.67,212.64,209.2,211.57,44443634
2025-07-11 04:00:00+00:00,209.73,211.29,209.03,210.33,39765812
2025-07-14 04:00:00+00:00,209.1,210.08,206.72,207.8,38840111
2025-07-15 04:00:00+00:00,208.39,211.05,208.09,208.28,42296339
2025-07-16 04:00:00+00:00,209.46,211.56,207.82,209.33,47483372
2025-07-17 04:00:00+00:00,209.74,210.96,208.76,209.19,48067750
2025-07-18 04:00:00+00:00,210.04,210.95,208.88,210.35,48972900
2025-07-21 04:00:00+00:00,211.26,214.93,210.79,211.64,51377434
2025-07-22 04:00:00+00:00,212.3,214.1,211.39,213.55,46404072
2025-07-23 04:00:00+00:00,214.15,214.3,211.57,213.3,46989301
2025-07-24 04:00:00+00:00,213.05,214.84,212.69,212.92,46022620
2025-07-25 04:00:00+00:00,213.85,214.39,212.56,213.03,40268781
2025-07-28 04:00:00+00:00,213.18,214.0,212.22,213.2,37858017
2025-07-29 04:00:00+00:00,213.33,213.96,209.99,210.44,51411723
2025-07-30 04:00:00+00:00,211.06,211.55,206.9,208.22,45511423
2025-07-31 04:00:00+00:00,207.67,209.01,206.34,206.75,80698431
2025-08-01 04:00:00+00:00,210.03,212.74,200.7,201.58,104434473
2025-08-04 04:00:00+00:00,203.7,207.06,200.88,202.55,75109298
2025-08-05 04:00:00+00:00,202.6,204.53,201.36,202.12,44155079
2025-08-06 04:00:00+00:00,204.82,214.53,204.78,212.41,108483103
2025-08-07 04:00:00+00:00,218.01,219.98,215.72,219.16,90224834
2025-08-08 04:00:00+00:00,219.96,230.09,218.38,228.44,113853967
2025-08-11 04:00:00+00:00,227.28,228.91,224.13,226.54,61806132
2025-08-12 04:00:00+00:00,227.36,230.15,226.43,229.0,55672301
2025-08-13 04:00:00+00:00,230.42,234.34,229.78,232.67,69878546
2025-08-14 04:00:00+00:00,233.39,234.46,230.2,232.12,51916275
2025-08-15 04:00:00+00:00,233.34,233.62,228.69,230.94,56038657
2025-08-18 04:00:00+00:00,231.05,232.46,229.46,230.24,37476188
2025-08-19 04:00:00+00:00,230.62,232.21,228.7,229.91,39402564
2025-08-20 04:00:00+00:00,229.33,229.82,225.13,225.37,42263865
2025-08-21 04:00:00+00:00,225.63,225.88,223.15,224.27,30621249
2025-08-22 04:00:00+00:00,225.53,228.44,224.77,227.12,42477811
2025-08-25 04:00:00+00:00,225.84,228.65,225.59,226.52,30983133
2025-08-26 04:00:00+00:00,226.23,228.84,224.06,228.66,54575107
2025-08-27 04:00:00+00:00,227.97,230.25,227.62,229.84,31259513
2025-08-28 04:00:00+00:00,230.17,232.75,228.69,231.9,38074700
2025-08-29 04:00:00+00:00,231.85,232.72,230.72,231.49,39391509
2025-09-02 04:00:00+00:00,228.6,230.2,226.33,229.07,44075638
2025-09-03 04:00:00+00:00,236.54,238.18,233.7,237.8,66427835
2025-09-04 04:00:00+00:00,237.78,239.22,236.07,239.1,47549429
2025-09-05 04:00:00+00:00,239.32,240.64,237.82,239.01,54848690
2025-09-08 04:00:00+00:00,238.62,239.47,235.67,237.21,48999495
2025-09-09 04:00:00+00:00,236.33,238.11,232.7,233.69,66313918
2025-09-10 04:00:00+00:00,231.53,231.76,225.31,226.15,83440810
2025-09-11 04:00:00+00:00,226.23,229.8,226.01,229.38,50195174
2025-09-12 04:00:00+00:00,228.57,233.85,228.37,233.41,55824216
2025-09-15 04:00:00+00:00,236.33,237.52,234.37,236.03,42699524
2025-09-16 04:00:00+00:00,236.51,240.54,235.66,237.48,63421099
2025-09-17 04:00:00+00:00,238.3,239.42,237.06,238.32,46508017
2025-09-18 04:00:00+00:00,239.29,240.52,235.98,237.21,44249576
2025-09-19 04:00:00+00:00,240.54,245.61,239.53,244.81,163741314
2025-09-22 04:00:00+00:00,247.6,255.92,247.42,255.36,105517416
2025-09-23 04:00:00+00:00,255.15,256.61,252.86,253.71,60275187
2025-09-24 04:00:00+00:00,254.5,255.02,250.33,251.6,42303710
2025-09-25 04:00:00+00:00,252.49,256.44,251.0,256.15,55202075
2025-09-26 04:00:00+00:00,253.38,256.87,253.06,254.74,46076258
2025-09-29 04:00:00+00:00,253.84,254.28,252.3,253.71,40127687
2025-09-30 04:00:00+00:00,254.14,255.2,252.4,253.91,37704259
2025-10-01 04:00:00+00:00,254.32,258.06,254.21,254.73,48713940
2025-10-02 04:00:00+00:00,255.85,257.45,253.43,256.4,42630239
2025-10-03 04:00:00+00:00,253.95,258.51,253.23,257.29,49155614
2025-10-06 04:00:00+00:00,257.26,258.34,254.33,255.97,44664118
2025-10-07 04:00:00+00:00,256.08,256.67,254.71,255.76,31955776
2025-10-08 04:00:00+00:00,255.8,257.79,255.39,257.33,36496895
2025-10-09 04:00:00+00:00,257.08,257.27,252.43,253.32,38322012
2025-10-10 04:00:00+00:00,254.22,255.66,243.31,244.58,61999098
2025-10-13 04:00:00+00:00,248.68,248.99,244.87,246.96,38142942
2025-10-14 04:00:00+00:00,245.9,248.14,244.01,247.07,35477986
2025-10-15 04:00:00+00:00,248.78,251.11,246.77,248.64,33893611
2025-10-16 04:00:00+00:00,247.55,248.34,244.44,246.75,39776974
2025-10-17 04:00:00+00:00,247.32,252.67,246.57,251.58,49146961
2025-10-20 04:00:00+00:00,255.16,263.63,254.91,261.5,90483029
2025-10-21 04:00:00+00:00,261.14,264.54,261.09,262.03,46692347
2025-10-22 04:00:00+00:00,261.91,262.11,254.71,257.72,45011970
2025-10-23 04:00:00+00:00,259.21,259.88,257.28,258.85,32752139
2025-10-24 04:00:00+00:00,260.45,263.38,258.45,262.08,38253517
2025-10-27 04:00:00+00:00,264.13,268.36,263.9,268.05,44888052
2025-10-28 04:00:00+00:00,268.23,269.13,267.39,268.24,41534547
2025-10-29 04:00:00+00:00,268.52,270.64,266.36,268.94,51086742
2025-10-30 04:00:00+00:00,271.22,273.37,267.72,270.63,69886281
2025-10-31 04:00:00+00:00,276.21,276.54,268.4,269.61,86167123
2025-11-03 05:00:00+00:00,269.66,270.09,265.5,268.29,50194583
2025-11-04 05:00:00+00:00,267.57,270.72,266.86,269.28,49274846
2025-11-05 05:00:00+00:00,267.85,270.93,266.18,269.38,43683072
2025-11-06 05:00:00+00:00,267.13,272.63,267.13,269.01,51204045
2025-11-07 05:00:00+00:00,269.03,271.52,266.02,267.71,48227365
2025-11-10 05:00:00+00:00,268.46,273.22,266.96,268.93,41312412
2025-11-11 05:00:00+00:00,269.31,275.4,269.3,274.74,46208318
2025-11-12 05:00:00+00:00,274.49,275.22,271.2,272.96,48397982
2025-11-13 05:00:00+00:00,273.6,276.19,271.59,272.44,49602794
2025-11-14 05:00:00+00:00,270.55,275.45,269.1,271.9,47431331
2025-11-17 05:00:00+00:00,268.32,269.99,265.24,266.96,45018260
2025-11-18 05:00:00+00:00,269.49,270.21,264.83,266.94,45677278
2025-11-19 05:00:00+00:00,265.03,271.71,265.01,268.06,40424492
2025-11-20 05:00:00+00:00,270.33,274.92,265.43,265.76,45823568
2025-11-21 05:00:00+00:00,265.46,272.82,265.18,270.99,59030832
2025-11-24 05:00:00+00:00,270.4,276.49,270.4,275.41,65585796
2025-11-25 05:00:00+00:00,274.76,279.86,274.74,276.46,46914220
2025-11-26 05:00:00+00:00,276.45,279.01,276.12,277.04,33431423
2025-11-28 05:00:00+00:00,276.75,278.48,275.47,278.33,20135620
2025-12-01 05:00:00+00:00,277.49,282.89,275.63,282.57,46587722
2025-12-02 05:00:00+00:00,282.48,286.87,282.11,285.66,53669532
2025-12-03 05:00:00+00:00,285.67,288.08,282.77,283.62,43538687
2025-12-04 05:00:00+00:00,283.57,284.2,278.07,280.18,43989056
2025-12-05 05:00:00+00:00,280.02,280.62,277.53,278.26,47265845
2025-12-08 05:00:00+00:00,277.61,279.15,275.64,277.37,38211832
2025-12-09 05:00:00+00:00,277.64,279.51,276.41,276.67,32193256
2025-12-10 05:00:00+00:00,277.23,279.23,275.93,278.26,33038318
2025-12-11 05:00:00+00:00,278.58,279.07,273.3,277.51,33247986
2025-12-12 05:00:00+00:00,277.38,278.7,276.31,277.76,39532887
2025-12-15 05:00:00+00:00,279.63,279.63,272.33,273.6,50409078
2025-12-16 05:00:00+00:00,272.31,274.99,271.29,274.1,37648628
2025-12-17 05:00:00+00:00,274.5,275.65,271.14,271.34,50138743
2025-12-18 05:00:00+00:00,273.1,273.12,266.45,271.69,51630721
2025-12-19 05:00:00+00:00,271.64,274.09,269.4,273.16,144632048
2025-12-22 05:00:00+00:00,272.35,273.37,270.0,270.47,36571827
2025-12-23 05:00:00+00:00,270.34,271.99,269.06,271.85,29641999
2025-12-24 05:00:00+00:00,271.83,274.92,271.69,273.3,17910574
2025-12-26 05:00:00+00:00,273.65,274.86,272.35,272.89,21521802
2025-12-29 05:00:00+00:00,272.18,273.85,271.84,273.25,23715213
2025-12-30 05:00:00+00:00,272.3,273.57,271.78,272.57,22139617
2025-12-31 05:00:00+00:00,272.55,273.17,271.25,271.36,27293639
2026-01-02 05:00:00+00:00,271.75,277.32,268.5,270.51,37838054
2026-01-05 05:00:00+00:00,270.14,271.01,265.65,266.76,45572200
2026-01-06 05:00:00+00:00,266.5,267.05,261.63,261.87,52352090
2026-01-07 05:00:00+00:00,262.71,263.19,259.33,259.85,48309804
2026-01-08 05:00:00+00:00,256.54,258.81,255.23,258.56,50419337
2026-01-09 05:00:00+00:00,258.59,259.73,255.74,258.89,39996967
2026-01-12 05:00:00+00:00,258.68,260.82,256.32,259.77,45263767
2026-01-13 05:00:00+00:00,258.24,261.32,257.91,260.57,45730847
2026-01-14 05:00:00+00:00,259.01,261.33,256.23,259.48,40019421
2026-01-15 05:00:00+00:00,260.17,260.56,256.57,257.73,39388564
2026-01-16 05:00:00+00:00,257.42,258.42,254.46,255.06,72142773
2026-01-20 05:00:00+00:00,252.26,254.32,242.97,246.24,80267517
2026-01-21 05:00:00+00:00,248.24,251.09,244.73,247.19,54641725
2026-01-22 05:00:00+00:00,248.74,250.53,247.69,247.89,39708340
2026-01-23 05:00:00+00:00,246.86,248.95,244.23,247.58,41688982
2026-01-26 05:00:00+00:00,251.01,256.08,249.34,254.94,55969234
2026-01-27 05:00:00+00:00,258.69,261.46,257.73,257.79,49648271
2026-01-28 05:00:00+00:00,257.17,258.37,254.04,255.96,41287971
2026-01-29 05:00:00+00:00,257.52,259.17,253.94,257.8,67253009
2026-01-30 05:00:00+00:00,254.69,261.41,251.71,259.0,92443408
2026-02-02 05:00:00+00:00,259.55,269.99,258.72,269.51,73913425
2026-02-03 05:00:00+00:00,268.7,271.37,267.11,268.98,64394655
2026-02-04 05:00:00+00:00,271.78,278.43,271.78,275.98,90545710
2026-02-05 05:00:00+00:00,277.61,278.98,272.72,275.4,52977441
2026-02-06 05:00:00+00:00,276.61,280.38,276.41,277.6,50453414
2026-02-09 05:00:00+00:00,277.65,277.94,271.45,274.37,44623396
2026-02-10 05:00:00+00:00,274.63,275.12,272.69,273.43,34376898
2026-02-11 05:00:00+00:00,274.44,279.92,274.2,275.25,51931283
2026-02-12 05:00:00+00:00,275.34,275.47,259.94,261.49,81077229
2026-02-13 05:00:00+00:00,261.77,261.99,255.21,255.54,56290673
2026-02-17 05:00:00+00:00,257.81,266.04,255.3,263.64,58469094
2026-02-18 05:00:00+00:00,263.36,266.57,262.21,264.11,34203337
2026-02-19 05:00:00+00:00,262.36,264.24,259.81,260.34,30845294
2026-02-20 05:00:00+00:00,258.73,264.51,257.92,264.34,42070499
2026-02-23 05:00:00+00:00,263.25,269.18,263.14,265.93,37485756
2026-02-24 05:00:00+00:00,267.61,274.64,267.46,271.89,47170799
2026-02-25 05:00:00+00:00,271.53,274.69,270.8,273.98,33872816
2026-02-26 05:00:00+00:00,274.69,275.86,270.55,272.7,32503510
2026-02-27 05:00:00+00:00,272.56,272.56,262.65,263.94,72529622
2026-03-02 05:00:00+00:00,262.17,266.28,259.96,264.48,42020588
2026-03-03 05:00:00+00:00,263.24,265.32,259.89,263.51,38686890
2026-03-04 05:00:00+00:00,264.41,265.91,261.18,262.28,39959953
2026-03-05 05:00:00+00:00,260.55,261.31,257.01,260.05,49818541
2026-03-06 05:00:00+00:00,258.39,258.53,254.14,257.22,41273884
2026-03-09 04:00:00+00:00,255.45,260.91,253.45,259.64,38398591
2026-03-10 04:00:00+00:00,257.41,262.24,256.71,260.59,30750595
2026-03-11 04:00:00+00:00,260.85,261.89,259.31,260.57,26372593
2026-03-12 04:00:00+00:00,258.42,258.71,253.95,255.52,40952141
2026-03-13 04:00:00+00:00,255.24,256.09,249.29,249.89,37092748
2026-03-16 04:00:00+00:00,251.87,253.65,249.65,252.59,32254050
2026-03-17 04:00:00+00:00,252.72,254.9,251.95,254.0,32510780
2026-03-18 04:00:00+00:00,252.39,254.71,248.77,249.71,35915193
2026-03-19 04:00:00+00:00,249.17,251.6,247.07,248.73,35019905
2026-03-20 04:00:00+00:00,247.75,248.97,245.77,247.76,88492140
2026-03-23 04:00:00+00:00,253.74,254.37,250.05,251.26,40725811
2026-03-24 04:00:00+00:00,250.12,254.59,249.32,251.41,45304131
2026-03-25 04:00:00+00:00,253.86,254.77,251.37,252.39,28626412
2026-03-26 04:00:00+00:00,251.88,256.76,250.54,252.66,41948926
2026-03-27 04:00:00+00:00,253.67,255.26,247.84,248.57,48058120
2026-03-30 04:00:00+00:00,249.84,250.64,245.28,246.4,39622901
2026-03-31 04:00:00+00:00,247.68,255.24,246.87,253.56,49749647
2026-04-01 04:00:00+00:00,253.85,255.94,253.1,255.39,40214210
2026-04-02 04:00:00+00:00,253.97,255.89,250.42,255.68,31436918
2026-04-06 04:00:00+00:00,256.27,261.92,256.22,258.62,29515075
2026-04-07 04:00:00+00:00,255.92,255.96,245.47,253.27,62320464
2026-04-08 04:00:00+00:00,258.21,259.51,256.29,258.66,41185418
2026-04-09 04:00:00+00:00,258.76,260.88,255.83,260.25,28265531
2026-04-10 04:00:00+00:00,259.74,261.95,258.78,260.24,31442238
2026-04-13 04:00:00+00:00,259.49,259.94,256.42,258.96,36408224
2026-04-14 04:00:00+00:00,259.01,261.69,256.95,258.59,48524835
2026-04-15 04:00:00+00:00,257.92,266.31,257.57,266.18,50072607
2026-04-16 04:00:00+00:00,266.55,266.91,261.03,263.16,43478258
2026-04-17 04:00:00+00:00,266.71,272.05,266.47,269.98,61597694
2026-04-20 04:00:00+00:00,270.08,274.02,270.04,272.8,36649162
2026-04-21 04:00:00+00:00,271.25,272.55,265.16,265.92,50375502
2026-04-22 04:00:00+00:00,267.57,273.49,266.62,272.92,43403761
2026-04-23 04:00:00+00:00,274.79,275.52,271.4,273.18,33551842
2026-04-24 04:00:00+00:00,272.5,272.81,269.4,270.81,38318683
2026-04-27 04:00:00+00:00,265.85,268.11,264.83,267.36,41535873
2026-04-28 04:00:00+00:00,272.08,272.98,268.41,270.46,40172718
2026-04-29 04:00:00+00:00,267.3,270.79,266.79,269.92,30201056
2026-04-30 04:00:00+00:00,270.25,275.75,267.89,271.1,92016751
2026-05-01 04:00:00+00:00,278.6,286.96,278.11,279.88,80105508
2026-05-04 04:00:00+00:00,279.4,280.37,274.61,276.58,46845300
2026-05-05 04:00:00+00:00,276.67,284.31,276.25,283.92,49478504
2026-05-06 04:00:00+00:00,281.66,287.76,280.81,287.25,58505958
2026-05-07 04:00:00+00:00,289.0,291.86,285.52,287.18,45390735
2026-05-08 04:00:00+00:00,289.74,294.49,289.73,293.05,52883906
2026-05-11 04:00:00+00:00,291.979,293.88,290.23,292.68,42447512
2026-05-12 04:00:00+00:00,292.56,295.27,292.56,294.8,45915100
2026-05-13 04:00:00+00:00,293.5,300.92,293.5,298.87,52854874
2026-05-14 04:00:00+00:00,299.82,300.45,295.38,298.21,35497001
2026-05-15 04:00:00+00:00,297.9,303.2,296.52,300.23,55041205
2026-05-18 04:00:00+00:00,300.24,300.66,294.91,297.84,34681425
2026-05-19 04:00:00+00:00,296.97,300.51,296.35,298.97,42407713
2026-05-20 04:00:00+00:00,298.18,302.8,298.08,302.25,38392499
2026-05-21 04:00:00+00:00,301.055,305.54,300.4,304.99,43130643
2026-05-22 04:00:00+00:00,306.12,311.4,305.84,308.82,43850433
2026-05-26 04:00:00+00:00,309.56,311.82,307.67,308.33,48211426
2026-05-27 04:00:00+00:00,308.33,313.26,308.3,310.85,50602317
2026-05-28 04:00:00+00:00,310.68,312.8,309.57,312.51,48391247
2026-05-29 04:00:00+00:00,311.775,315.0,309.53,312.06,70201217
2026-06-01 04:00:00+00:00,309.625,310.94,305.02,306.31,49067433
2026-06-02 04:00:00+00:00,307.46,315.45,306.685,315.2,44713169
2026-06-03 04:00:00+00:00,314.175,316.94,308.85,310.26,51012180
2026-06-04 04:00:00+00:00,313.23,313.54,309.65,311.23,45035886
2026-06-05 04:00:00+00:00,312.86,315.17,307.15,307.34,65490996
2026-06-08 04:00:00+00:00,308.739,317.4,301.17,301.54,78172037
2026-06-09 04:00:00+00:00,300.275,300.75,287.78,290.55,70285528
2026-06-10 04:00:00+00:00,290.74,294.75,287.38,291.58,52993052
2026-06-11 04:00:00+00:00,293.72,297.0,289.59,295.63,42760915
2026-06-12 04:00:00+00:00,296.03,297.14,289.62,291.13,38970821
2026-06-15 04:00:00+00:00,294.12,297.78,291.7,296.42,45931352
2026-06-16 04:00:00+00:00,295.245,300.48,293.97,299.24,40039926
2026-06-17 04:00:00+00:00,300.845,302.07,294.36,295.95,42907686
2026-06-18 04:00:00+00:00,298.11,300.57,295.62,298.01,86421905
2026-06-22 04:00:00+00:00,297.31,302.42,296.76,297.01,45089193
2026-06-23 04:00:00+00:00,297.538,301.64,294.18,294.3,52179625
2026-06-24 04:00:00+00:00,295.355,299.7,292.94,293.08,53319698
2026-06-25 04:00:00+00:00,287.4,288.8,273.75,275.15,107450336
2026-06-26 04:00:00+00:00,275.0,285.95,274.21,283.78,261946552
